[
  {
    "id": "activity001",
    "name": "City Walking Tour",
    "description": "Explore the local city with our guided walking tour",
    "category": "Sightseeing",
    "duration": "2-3 hours",
    "price": 500,
    "location": "Downtown",
    "image": "https://images.unsplash.com/photo-1539650116574-75c0c6d73a0e?w=400&h=300&fit=crop",
    "rating": 4.5,
    "included": ["Professional guide", "City map", "Snacks"]
  },
  {
    "id": "activity002",
    "name": "Spa & Wellness Package",
    "description": "Relax and rejuvenate with our premium spa services",
    "category": "Wellness",
    "duration": "3-4 hours",
    "price": 2500,
    "location": "Hotel Spa",
    "image": "https://images.unsplash.com/photo-1544161515-4ab6ce6db874?w=400&h=300&fit=crop",
    "rating": 4.8,
    "included": ["Full body massage", "Facial treatment", "Steam room access"]
  },
  {
    "id": "activity003",
    "name": "Local Food Experience",
    "description": "Taste the authentic local cuisine with our food tour",
    "category": "Food & Drink",
    "duration": "4-5 hours",
    "price": 1200,
    "location": "Various restaurants",
    "image": "https://images.unsplash.com/photo-1414235077428-338989a2e8c0?w=400&h=300&fit=crop",
    "rating": 4.6,
    "included": ["Local guide", "Multiple food tastings", "Cultural insights"]
  },
  {
    "id": "activity004",
    "name": "Adventure Hiking",
    "description": "Experience nature with our guided hiking adventure",
    "category": "Adventure",
    "duration": "Full day",
    "price": 800,
    "location": "Near city mountains",
    "image": "https://images.unsplash.com/photo-1551632811-561732d1e306?w=400&h=300&fit=crop",
    "rating": 4.3,
    "included": ["Professional guide", "Safety equipment", "Lunch", "Transportation"]
  },
  {
    "id": "activity005",
    "name": "Cultural Museum Tour",
    "description": "Discover local history and culture at our heritage sites",
    "category": "Culture",
    "duration": "3-4 hours",
    "price": 600,
    "location": "Museum district",
    "image": "https://images.unsplash.com/photo-1565689157208-b3d969e88c51?w=400&h=300&fit=crop",
    "rating": 4.4,
    "included": ["Museum entrance", "Audio guide", "Expert commentary"]
  },
  {
    "id": "activity006",
    "name": "Sunset River Cruise",
    "description": "Enjoy a peaceful evening cruise on the local river",
    "category": "Leisure",
    "duration": "2 hours",
    "price": 900,
    "location": "River dock",
    "image": "https://images.unsplash.com/photo-1544551763-46a013bb70d5?w=400&h=300&fit=crop",
    "rating": 4.7,
    "included": ["Boat ride", "Refreshments", "Photography opportunities"]
  }
]