[
    {
        "id": "956fce92-101d-4917-8b9f-97a214677702",
        "user_id": "059a1d15-b19e-400b-a49a-93c6316da838",
        "room_id": "room001",
        "check_in": "2025-11-29",
        "check_out": "2025-11-30",
        "total_cost": 1500,
        "booking_date": "2025-11-28 22:05:48"
    },
    {
        "id": "1c769fdc-e940-41ec-a5a2-99c1a425d655",
        "user_id": "059a1d15-b19e-400b-a49a-93c6316da838",
        "room_id": "room004",
        "check_in": "2025-12-03",
        "check_out": "2025-12-04",
        "total_cost": 6500,
        "booking_date": "2025-11-30 09:12:21"
    },
    {
        "id": "9fffd7f6-cd48-48fa-aa9b-3780174f7bd4",
        "user_id": "059a1d15-b19e-400b-a49a-93c6316da838",
        "room_id": "room006",
        "check_in": "2025-12-01",
        "check_out": "2025-12-03",
        "total_cost": 5600,
        "booking_date": "2025-11-30 09:15:04"
    },
    {
        "id": "62fa4358-1e5e-47f9-8db9-81f75d35f728",
        "user_id": "059a1d15-b19e-400b-a49a-93c6316da838",
        "room_id": "blr004_king",
        "check_in": "2025-12-22",
        "check_out": "2025-12-25",
        "total_cost": 32640.0,
        "original_cost": 32640.0,
        "cost_breakdown": {
            "nights": 3,
            "price_per_night": 8500,
            "room_charges": 25500,
            "taxes": 4590.0,
            "service_charges": 2550.0,
            "subtotal": 32640.0,
            "coupon_discount": 0,
            "final_amount": 32640.0,
            "coupon_applied": false,
            "coupon_details": null
        },
        "coupon_code": null,
        "payment_method": "credit_card",
        "booking_date": "2025-12-21 22:13:51",
        "status": "confirmed"
    },
    {
        "id": "45c50c4d-9b86-4b50-8568-ff05c3b530f0",
        "user_id": "059a1d15-b19e-400b-a49a-93c6316da838",
        "room_id": "blr004_king",
        "check_in": "2025-12-25",
        "check_out": "2025-12-26",
        "total_cost": 10880.0,
        "original_cost": 10880.0,
        "cost_breakdown": {
            "nights": 1,
            "price_per_night": 8500,
            "room_charges": 8500,
            "taxes": 1530.0,
            "service_charges": 850.0,
            "subtotal": 10880.0,
            "coupon_discount": 0,
            "final_amount": 10880.0,
            "coupon_applied": false,
            "coupon_details": null
        },
        "coupon_code": null,
        "payment_method": "credit_card",
        "booking_date": "2025-12-21 22:14:10",
        "status": "confirmed"
    },
    {
        "id": "a6394d42-d933-4411-9872-b7207d76d2d6",
        "user_id": "059a1d15-b19e-400b-a49a-93c6316da838",
        "room_id": "blr002_deluxe",
        "check_in": "2025-12-24",
        "check_out": "2025-12-26",
        "total_cost": 30720.0,
        "original_cost": 30720.0,
        "cost_breakdown": {
            "nights": 2,
            "price_per_night": 12000,
            "room_charges": 24000,
            "taxes": 4320.0,
            "service_charges": 2400.0,
            "subtotal": 30720.0,
            "coupon_discount": 0,
            "final_amount": 30720.0,
            "coupon_applied": false,
            "coupon_details": null
        },
        "coupon_code": null,
        "payment_method": "credit_card",
        "booking_date": "2025-12-21 22:18:38",
        "status": "confirmed"
    },
    {
        "id": "81d809af-9188-4644-92b5-462ed1b4e9e0",
        "user_id": "059a1d15-b19e-400b-a49a-93c6316da838",
        "room_id": "blr001_std",
        "check_in": "2025-12-25",
        "check_out": "2025-12-26",
        "total_cost": 15360.0,
        "original_cost": 15360.0,
        "cost_breakdown": {
            "nights": 1,
            "price_per_night": 12000,
            "room_charges": 12000,
            "taxes": 2160.0,
            "service_charges": 1200.0,
            "subtotal": 15360.0,
            "coupon_discount": 0,
            "final_amount": 15360.0,
            "coupon_applied": false,
            "coupon_details": null
        },
        "coupon_code": null,
        "payment_method": "credit_card",
        "booking_date": "2025-12-21 22:19:41",
        "status": "confirmed"
    },
    {
        "id": "941cd1ef-bb20-40f6-9a3f-06fbe0a30ce8",
        "user_id": "059a1d15-b19e-400b-a49a-93c6316da838",
        "room_id": "blr001_std",
        "check_in": "2025-12-26",
        "check_out": "2025-12-27",
        "total_cost": 15360.0,
        "original_cost": 15360.0,
        "cost_breakdown": {
            "nights": 1,
            "price_per_night": 12000,
            "room_charges": 12000,
            "taxes": 2160.0,
            "service_charges": 1200.0,
            "subtotal": 15360.0,
            "coupon_discount": 0,
            "final_amount": 15360.0,
            "coupon_applied": false,
            "coupon_details": null
        },
        "coupon_code": null,
        "payment_method": "credit_card",
        "booking_date": "2025-12-21 22:23:23",
        "status": "confirmed"
    },
    {
        "id": "e0e4fc19-cc62-4a56-afa3-ebc53aec9662",
        "user_id": "059a1d15-b19e-400b-a49a-93c6316da838",
        "room_id": "hotel_003_heritage",
        "check_in": "2025-12-30",
        "check_out": "2026-01-01",
        "total_cost": 29500,
        "original_cost": 30000,
        "coupon_code": "SAVE500",
        "discount_amount": 500,
        "booking_date": "2025-12-29 09:53:15",
        "room_type": "Heritage Room",
        "hotel_name": "Taj West End"
    },
    {
        "id": "19212897-f1e6-4256-aaef-eb87d50010e9",
        "user_id": "059a1d15-b19e-400b-a49a-93c6316da838",
        "room_id": "hotel_002_deluxe",
        "check_in": "2026-01-02",
        "check_out": "2026-01-03",
        "total_cost": 12000,
        "original_cost": 12000,
        "coupon_code": null,
        "discount_amount": 0,
        "booking_date": "2026-01-02 09:06:39",
        "room_type": "Deluxe Room",
        "hotel_name": "JW Marriott Hotel Bengaluru"
    }
]