[
    {
        "id": "coupon001",
        "code": "WELCOME20",
        "description": "Welcome discount for new users",
        "discount_type": "percentage",
        "discount_value": 20,
        "minimum_amount": 1000,
        "valid_from": "2025-01-01",
        "valid_until": "2025-12-31",
        "usage_limit": 100,
        "used_count": 0,
        "active": true
    },
    {
        "id": "coupon002",
        "code": "SAVE500",
        "description": "Flat \u00e2\u201a\u00b9500 discount on bookings",
        "discount_type": "fixed",
        "discount_value": 500,
        "minimum_amount": 2000,
        "valid_from": "2025-01-01",
        "valid_until": "2025-12-31",
        "usage_limit": 50,
        "used_count": 1,
        "active": true
    },
    {
        "id": "coupon003",
        "code": "SUMMER15",
        "description": "Summer special 15% discount",
        "discount_type": "percentage",
        "discount_value": 15,
        "minimum_amount": 1500,
        "valid_from": "2025-06-01",
        "valid_until": "2025-08-31",
        "usage_limit": 75,
        "used_count": 0,
        "active": true
    }
]