[
  {
    "hotel_id": "blr001",
    "hotel_name": "The Ritz-Carlton, Bangalore",
    "category": "Luxury",
    "location": {
      "area": "MG Road",
      "address": "99, Residency Road, Bengaluru, Karnataka 560025",
      "coordinates": {"lat": 12.9716, "lng": 77.5946},
      "area_description": "Heart of Bangalore's commercial district",
      "directions": {
        "from_airport": "Kempegowda International Airport is 35 km away (45 minutes by car)",
        "nearest_metro": "MG Road Metro Station - 0.3 km (3 minutes walk)",
        "railway_station": "Bangalore City Railway Station - 4.2 km (15 minutes)",
        "bus_stop": "MG Road Bus Stop - 0.2 km (2 minutes walk)"
      }
    },
    "rooms": [
      {
        "room_type": "Standard Room",
        "room_id": "blr001_std",
        "price": 12000,
        "size": "35 sqm",
        "capacity": "2 adults",
        "available_rooms": 8,
        "amenities": ["King bed", "Marble bathroom", "City view", "WiFi", "Air conditioning", "Work desk", "Mini bar", "Coffee machine"],
        "images": [
          "https://images.unsplash.com/photo-1560448204-e02f11c3d0e2?w=1200&h=800&fit=crop",
          "https://images.unsplash.com/photo-1505691723518-36a3b1b2a3a6?w=1200&h=800&fit=crop"
        ],
        "description": "Elegantly appointed room with modern amenities and city views"
      },
      {
        "room_type": "Deluxe Room",
        "room_id": "blr001_deluxe",
        "price": 15000,
        "size": "42 sqm",
        "capacity": "2 adults + 1 child",
        "available_rooms": 6,
        "amenities": ["King bed", "Marble bathroom with bathtub", "Partial city/pool view", "WiFi", "Air conditioning", "Work desk", "Mini bar", "Coffee machine", "Bathrobe", "Slippers"],
        "images": [
          "https://images.unsplash.com/photo-1501117716987-c8e6a1f1a9a9?w=1200&h=800&fit=crop",
          "https://images.unsplash.com/photo-1522708323590-d24dbb6b0267?w=1200&h=800&fit=crop"
        ],
        "description": "Spacious room with enhanced amenities and premium views"
      },
      {
        "room_type": "Club Level Room",
        "room_id": "blr001_club",
        "price": 18000,
        "size": "45 sqm",
        "capacity": "2 adults + 1 child",
        "available_rooms": 4,
        "amenities": ["King bed", "Marble bathroom with separate shower", "City view", "WiFi", "Air conditioning", "Work desk", "Mini bar", "Coffee machine", "Club lounge access", "Evening cocktails", "Breakfast"],
        "images": [
          "https://images.unsplash.com/photo-1501117716987-c8e6a1f1a9a9?w=1200&h=800&fit=crop",
          "https://images.unsplash.com/photo-1542314831-068cd1dbfeeb?w=1200&h=800&fit=crop"
        ],
        "description": "Premium room with exclusive Club Level benefits"
      },
      {
        "room_type": "Executive Suite",
        "room_id": "blr001_suite",
        "price": 25000,
        "size": "75 sqm",
        "capacity": "3 adults",
        "available_rooms": 2,
        "amenities": ["Separate living area", "King bedroom", "Marble bathroom with soaking tub", "City view", "WiFi", "Air conditioning", "Work desk", "Mini bar", "Coffee machine", "Club lounge access", "Butler service"],
        "images": [
          "https://images.unsplash.com/photo-1522708323590-d24dbb6b0267?w=1200&h=800&fit=crop",
          "https://images.unsplash.com/photo-1522770179533-24471fcdba45?w=1200&h=800&fit=crop"
        ],
        "description": "Luxurious suite with separate living area and personalized service"
      }
    ],
    "hotel_amenities": ["Spa", "Pool", "Gym", "Multiple Restaurants", "Bar", "Concierge", "Valet Parking", "Business Center", "Club Lounge", "Butler Service"],
    "rating": 4.8,
    "image": "https://images.unsplash.com/photo-1566073771259-6a8506099945?w=400&h=300&fit=crop"
  },
  {
    "hotel_id": "blr002",
    "hotel_name": "JW Marriott Hotel Bengaluru",
    "category": "Luxury",
    "location": {
      "area": "UB City",
      "address": "24/1, Vittal Mallya Road, Bengaluru, Karnataka 560001",
      "coordinates": {"lat": 12.9719, "lng": 77.5972},
      "area_description": "Premium shopping and dining destination",
      "directions": {
        "from_airport": "Kempegowda International Airport is 38 km away (50 minutes by car)",
        "nearest_metro": "Cubbon Park Metro Station - 1.2 km (8 minutes walk)",
        "railway_station": "Bangalore City Railway Station - 3.8 km (12 minutes)",
        "bus_stop": "UB City Bus Stop - 0.1 km (1 minute walk)"
      }
    },
    "rooms": [
      {
        "room_type": "Superior Room",
        "room_id": "blr002_superior",
        "price": 10000,
        "size": "38 sqm",
        "capacity": "2 adults",
        "available_rooms": 10,
        "amenities": ["King bed or Twin beds", "Marble bathroom", "City view", "WiFi", "Air conditioning", "Work desk", "Mini bar", "Coffee/Tea maker"],
        "images": [
          "https://images.unsplash.com/photo-1560448075-0c1e2dfc1d6f?w=1200&h=800&fit=crop",
          "https://images.unsplash.com/photo-1522770179533-24471fcdba45?w=1200&h=800&fit=crop"
        ],
        "description": "Comfortable room with contemporary design and essential amenities"
      },
      {
        "room_type": "Deluxe Room",
        "room_id": "blr002_deluxe",
        "price": 12000,
        "size": "42 sqm",
        "capacity": "2 adults + 1 child",
        "available_rooms": 7,
        "amenities": ["King bed", "Marble bathroom with bathtub", "City/garden view", "WiFi", "Air conditioning", "Work desk", "Mini bar", "Coffee/Tea maker", "Sitting area"],
        "images": [
          "https://images.unsplash.com/photo-1560448204-e02f11c3d0e2?w=1200&h=800&fit=crop",
          "https://images.unsplash.com/photo-1522708323590-d24dbb6b0267?w=1200&h=800&fit=crop"
        ],
        "description": "Spacious room with enhanced comfort and views"
      },
      {
        "room_type": "Executive Club Room",
        "room_id": "blr002_club",
        "price": 15000,
        "size": "45 sqm",
        "capacity": "2 adults + 1 child",
        "available_rooms": 5,
        "amenities": ["King bed", "Marble bathroom with separate shower", "Executive Club lounge access", "WiFi", "Air conditioning", "Work desk", "Mini bar", "Coffee/Tea maker", "Evening snacks"],
        "images": [
          "https://images.unsplash.com/photo-1505691723518-36a3b1b2a3a6?w=1200&h=800&fit=crop",
          "https://images.unsplash.com/photo-1501117716987-c8e6a1f1a9a9?w=1200&h=800&fit=crop"
        ],
        "description": "Premium room with exclusive Executive Club privileges"
      },
      {
        "room_type": "Junior Suite",
        "room_id": "blr002_junior_suite",
        "price": 20000,
        "size": "65 sqm",
        "capacity": "3 adults",
        "available_rooms": 3,
        "amenities": ["Separate living area", "King bedroom", "Marble bathroom", "City view", "WiFi", "Air conditioning", "Work desk", "Mini bar", "Executive Club access", "Dining area"],
        "images": [
          "https://images.unsplash.com/photo-1522770179533-24471fcdba45?w=1200&h=800&fit=crop",
          "https://images.unsplash.com/photo-1560448075-0c1e2dfc1d6f?w=1200&h=800&fit=crop"
        ],
        "description": "Elegant suite with separate living space and luxury amenities"
      },
      {
        "room_type": "Presidential Suite",
        "room_id": "blr002_presidential",
        "price": 35000,
        "size": "120 sqm",
        "capacity": "4 adults",
        "available_rooms": 1,
        "amenities": ["Master bedroom", "Guest bedroom", "Living room", "Dining room", "Kitchenette", "2 Marble bathrooms", "City view", "WiFi", "Butler service", "Private elevator access"],
        "images": [
          "https://images.unsplash.com/photo-1493809842364-78817add7ffb?w=1200&h=800&fit=crop",
          "https://images.unsplash.com/photo-1505691723518-36a3b1b2a3a6?w=1200&h=800&fit=crop"
        ],
        "description": "Ultimate luxury suite with panoramic views and personalized service"
      }
    ],
    "hotel_amenities": ["Spa", "Pool", "Gym", "Multiple Restaurants", "Bar", "Concierge", "Valet Parking", "Business Center", "Executive Club", "Butler Service"],
    "rating": 4.7,
    "image": "https://images.unsplash.com/photo-1582719478250-c89cae4dc85b?w=400&h=300&fit=crop"
  },
  {
    "hotel_id": "blr003",
    "hotel_name": "Taj West End",
    "category": "Heritage Luxury",
    "location": {
      "area": "Race Course Road",
      "address": "Race Course Road, Bengaluru, Karnataka 560001",
      "coordinates": {"lat": 12.9772, "lng": 77.5878},
      "area_description": "Historic luxury hotel in Bangalore",
      "directions": {
        "from_airport": "Kempegowda International Airport is 36 km away (45 minutes by car)",
        "nearest_metro": "MG Road Metro Station - 0.8 km (6 minutes walk)",
        "railway_station": "Bangalore City Railway Station - 3.2 km (10 minutes)",
        "bus_stop": "Race Course Road Bus Stop - 0.3 km (3 minutes walk)"
      }
    },
    "rooms": [
      {
        "room_type": "Heritage Room",
        "room_id": "blr003_heritage",
        "price": 15000,
        "size": "40 sqm",
        "capacity": "2 adults",
        "available_rooms": 6,
        "amenities": ["King bed or Twin beds", "Heritage bathroom", "Garden view", "WiFi", "Air conditioning", "Work desk", "Mini bar", "Heritage decor"],
        "images": [
          "https://images.unsplash.com/photo-1542314831-068cd1dbfeeb?w=1200&h=800&fit=crop",
          "https://images.unsplash.com/photo-1496417263034-38ec4f0b665a?w=1200&h=800&fit=crop"
        ],
        "description": "Charming room with colonial heritage design and garden views"
      },
      {
        "room_type": "Heritage Deluxe",
        "room_id": "blr003_deluxe",
        "price": 18000,
        "size": "48 sqm",
        "capacity": "2 adults + 1 child",
        "available_rooms": 4,
        "amenities": ["King bed", "Heritage bathroom with bathtub", "Garden/pool view", "WiFi", "Air conditioning", "Work desk", "Mini bar", "Sitting area", "Balcony"],
        "images": [
          "https://images.unsplash.com/photo-1496417263034-38ec4f0b665a?w=1200&h=800&fit=crop",
          "https://images.unsplash.com/photo-1542314831-068cd1dbfeeb?w=1200&h=800&fit=crop"
        ],
        "description": "Spacious heritage room with enhanced views and amenities"
      },
      {
        "room_type": "Heritage Suite",
        "room_id": "blr003_suite",
        "price": 25000,
        "size": "70 sqm",
        "capacity": "3 adults",
        "available_rooms": 2,
        "amenities": ["Separate living area", "King bedroom", "Heritage bathroom", "Garden view", "WiFi", "Air conditioning", "Work desk", "Mini bar", "Butler service", "Private garden access"],
        "images": [
          "https://images.unsplash.com/photo-1493809842364-78817add7ffb?w=1200&h=800&fit=crop",
          "https://images.unsplash.com/photo-1522770179533-24471fcdba45?w=1200&h=800&fit=crop"
        ],
        "description": "Luxurious heritage suite with traditional architecture and modern comforts"
      },
      {
        "room_type": "Maharaja Suite",
        "room_id": "blr003_maharaja",
        "price": 40000,
        "size": "95 sqm",
        "capacity": "4 adults",
        "available_rooms": 1,
        "amenities": ["Master suite", "Living room", "Dining area", "Heritage bathroom", "Private garden", "WiFi", "Butler service", "Private chef on request", "Antique furnishings"],
        "images": [
          "https://images.unsplash.com/photo-1505691723518-36a3b1b2a3a6?w=1200&h=800&fit=crop",
          "https://images.unsplash.com/photo-1560448204-e02f11c3d0e2?w=1200&h=800&fit=crop"
        ],
        "description": "Regal suite with authentic heritage decor and royal amenities"
      }
    ],
    "hotel_amenities": ["Spa", "Pool", "Gym", "Multiple Restaurants", "Bar", "Concierge", "Heritage Gardens", "Business Center", "Butler Service", "Private Gardens"],
    "rating": 4.9,
    "image": "https://images.unsplash.com/photo-1564501049412-61c2a3083791?w=400&h=300&fit=crop"
  },
  {
    "hotel_id": "blr004",
    "hotel_name": "Hyatt Bangalore MG Road",
    "category": "Business Luxury",
    "location": {
      "area": "MG Road",
      "address": "1, MG Road, Bengaluru, Karnataka 560001",
      "coordinates": {"lat": 12.9716, "lng": 77.5946},
      "area_description": "Prime business and shopping district",
      "directions": {
        "from_airport": "Kempegowda International Airport is 34 km away (40 minutes by car)",
        "nearest_metro": "MG Road Metro Station - 0.2 km (2 minutes walk)",
        "railway_station": "Bangalore City Railway Station - 4.0 km (15 minutes)",
        "bus_stop": "MG Road Bus Stop - 0.1 km (1 minute walk)"
      }
    },
    "rooms": [
      {
        "room_type": "King Room",
        "room_id": "blr004_king",
        "price": 8500,
        "size": "35 sqm",
        "capacity": "2 adults",
        "available_rooms": 12,
        "amenities": ["King bed", "Marble bathroom", "City view", "WiFi", "Air conditioning", "Work desk", "Mini fridge", "Coffee machine"],
        "images": [
          "https://images.unsplash.com/photo-1522708323590-d24dbb6b0267?w=1200&h=800&fit=crop",
          "https://images.unsplash.com/photo-1560448075-0c1e2dfc1d6f?w=1200&h=800&fit=crop"
        ],
        "description": "Modern business room with contemporary amenities"
      },
      {
        "room_type": "Twin Room",
        "room_id": "blr004_twin",
        "price": 8500,
        "size": "35 sqm",
        "capacity": "2 adults",
        "available_rooms": 8,
        "amenities": ["Twin beds", "Marble bathroom", "City view", "WiFi", "Air conditioning", "Work desk", "Mini fridge", "Coffee machine"],
        "images": [
          "https://images.unsplash.com/photo-1501117716987-c8e6a1f1a9a9?w=1200&h=800&fit=crop",
          "https://images.unsplash.com/photo-1542314831-068cd1dbfeeb?w=1200&h=800&fit=crop"
        ],
        "description": "Modern twin room perfect for business travelers"
      },
      {
        "room_type": "King Deluxe",
        "room_id": "blr004_deluxe",
        "price": 10000,
        "size": "40 sqm",
        "capacity": "2 adults + 1 child",
        "available_rooms": 9,
        "amenities": ["King bed", "Marble bathroom with bathtub", "City view", "WiFi", "Air conditioning", "Work desk", "Mini fridge", "Coffee machine", "Sitting area"],
        "images": [
          "https://images.unsplash.com/photo-1560448204-e02f11c3d0e2?w=1200&h=800&fit=crop",
          "https://images.unsplash.com/photo-1522770179533-24471fcdba45?w=1200&h=800&fit=crop"
        ],
        "description": "Spacious deluxe room with enhanced comfort"
      },
      {
        "room_type": "Business Plan",
        "room_id": "blr004_business",
        "price": 12000,
        "size": "42 sqm",
        "capacity": "2 adults + 1 child",
        "available_rooms": 6,
        "amenities": ["King bed", "Marble bathroom", "Business lounge access", "WiFi", "Air conditioning", "Work desk", "Mini fridge", "Coffee machine", "Evening reception"],
        "images": [
          "https://images.unsplash.com/photo-1493809842364-78817add7ffb?w=1200&h=800&fit=crop",
          "https://images.unsplash.com/photo-1505691723518-36a3b1b2a3a6?w=1200&h=800&fit=crop"
        ],
        "description": "Business-focused room with exclusive lounge access"
      },
      {
        "room_type": "Executive Suite",
        "room_id": "blr004_executive",
        "price": 18000,
        "size": "65 sqm",
        "capacity": "3 adults",
        "available_rooms": 3,
        "amenities": ["Separate living area", "King bedroom", "Marble bathroom", "City view", "WiFi", "Air conditioning", "Work desk", "Mini fridge", "Dining area", "Butler service"],
        "images": [
          "https://images.unsplash.com/photo-1493809842364-78817add7ffb?w=1200&h=800&fit=crop",
          "https://images.unsplash.com/photo-1542314831-068cd1dbfeeb?w=1200&h=800&fit=crop"
        ],
        "description": "Luxurious executive suite with separate living space"
      }
    ],
    "hotel_amenities": ["Gym", "Restaurant", "Bar", "Business Center", "Meeting Rooms", "Concierge", "Business Lounge", "Airport Transfer"],
    "rating": 4.6,
    "image": "https://images.unsplash.com/photo-1549294413-26f195200c16?w=400&h=300&fit=crop"
  },
  {
    "hotel_id": "blr005",
    "hotel_name": "ITC Grand Bharat, Bengaluru",
    "category": "Luxury",
    "location": {
      "area": "Race Course Road",
      "address": "Race Course Road, Bengaluru, Karnataka 560001",
      "coordinates": {"lat": 12.9762, "lng": 77.5889},
      "area_description": "Luxury accommodation near city center",
      "directions": {
        "from_airport": "Kempegowda International Airport is 37 km away (45 minutes by car)",
        "nearest_metro": "MG Road Metro Station - 0.9 km (7 minutes walk)",
        "railway_station": "Bangalore City Railway Station - 3.5 km (12 minutes)",
        "bus_stop": "Race Course Road Bus Stop - 0.2 km (2 minutes walk)"
      }
    },
    "rooms": [
      {
        "room_type": "ITC Classic Room",
        "room_id": "blr005_classic",
        "price": 12000,
        "size": "38 sqm",
        "capacity": "2 adults",
        "available_rooms": 7,
        "amenities": ["King bed", "Marble bathroom", "City view", "WiFi", "Air conditioning", "Work desk", "Mini bar", "Tea/Coffee maker"],
        "images": [
          "https://images.unsplash.com/photo-1522708323590-d24dbb6b0267?w=1200&h=800&fit=crop",
          "https://images.unsplash.com/photo-1560448204-e02f11c3d0e2?w=1200&h=800&fit=crop"
        ],
        "description": "Elegant room with traditional Indian hospitality"
      },
      {
        "room_type": "ITC Executive Room",
        "room_id": "blr005_executive",
        "price": 14000,
        "size": "42 sqm",
        "capacity": "2 adults + 1 child",
        "available_rooms": 5,
        "amenities": ["King bed", "Marble bathroom with bathtub", "City view", "WiFi", "Air conditioning", "Work desk", "Mini bar", "Tea/Coffee maker", "Business lounge access"],
        "images": [
          "https://images.unsplash.com/photo-1501117716987-c8e6a1f1a9a9?w=1200&h=800&fit=crop",
          "https://images.unsplash.com/photo-1522770179533-24471fcdba45?w=1200&h=800&fit=crop"
        ],
        "description": "Enhanced room with executive privileges and amenities"
      },
      {
        "room_type": "ITC Royal Suite",
        "room_id": "blr005_royal",
        "price": 22000,
        "size": "70 sqm",
        "capacity": "3 adults",
        "available_rooms": 2,
        "amenities": ["Separate living area", "King bedroom", "Marble bathroom", "City view", "WiFi", "Air conditioning", "Work desk", "Mini bar", "Royal Lounge access", "Butler service"],
        "images": [
          "https://images.unsplash.com/photo-1493809842364-78817add7ffb?w=1200&h=800&fit=crop",
          "https://images.unsplash.com/photo-1496417263034-38ec4f0b665a?w=1200&h=800&fit=crop"
        ],
        "description": "Opulent suite with royal treatment and personalized service"
      }
    ],
    "hotel_amenities": ["Spa", "Pool", "Gym", "Restaurant", "Bar", "Concierge", "Valet Parking", "Royal Lounge", "Butler Service"],
    "rating": 4.7,
    "image": "https://images.unsplash.com/photo-1571003123894-1f0594d2b5d9?w=400&h=300&fit=crop"
  },
  {
    "hotel_id": "blr006",
    "hotel_name": "Leela Palace Bengaluru",
    "category": "Luxury",
    "location": {
      "area": "Airport Road",
      "address": "23, HAL Airport Road, Bengaluru, Karnataka 560008",
      "coordinates": {"lat": 12.9516, "lng": 77.6404},
      "area_description": "Close to airport and business districts",
      "directions": {
        "from_airport": "Kempegowda International Airport is 28 km away (35 minutes by car)",
        "nearest_metro": "Indiranagar Metro Station - 2.1 km (8 minutes by car)",
        "railway_station": "Bangalore City Railway Station - 8.5 km (25 minutes)",
        "bus_stop": "Leela Palace Bus Stop - 0.1 km (1 minute walk)"
      }
    },
    "rooms": [
      {
        "room_type": "Premier Room",
        "room_id": "blr006_premier",
        "price": 14000,
        "size": "45 sqm",
        "capacity": "2 adults",
        "available_rooms": 8,
        "amenities": ["King bed", "Marble bathroom", "City/garden view", "WiFi", "Air conditioning", "Work desk", "Mini bar", "Coffee machine", "Balcony"],
        "images": [
          "https://images.unsplash.com/photo-1560448204-e02f11c3d0e2?w=1200&h=800&fit=crop",
          "https://images.unsplash.com/photo-1522770179533-24471fcdba45?w=1200&h=800&fit=crop"
        ],
        "description": "Elegant room with royal decor and premium amenities"
      },
      {
        "room_type": "Club Room",
        "room_id": "blr006_club",
        "price": 16000,
        "size": "50 sqm",
        "capacity": "2 adults + 1 child",
        "available_rooms": 6,
        "amenities": ["King bed", "Marble bathroom with bathtub", "Club lounge access", "WiFi", "Air conditioning", "Work desk", "Mini bar", "Coffee machine", "Evening cocktails"],
        "images": [
          "https://images.unsplash.com/photo-1501117716987-c8e6a1f1a9a9?w=1200&h=800&fit=crop",
          "https://images.unsplash.com/photo-1542314831-068cd1dbfeeb?w=1200&h=800&fit=crop"
        ],
        "description": "Luxurious room with exclusive Club Level privileges"
      },
      {
        "room_type": "Royal Club Suite",
        "room_id": "blr006_royal",
        "price": 25000,
        "size": "85 sqm",
        "capacity": "3 adults",
        "available_rooms": 3,
        "amenities": ["Separate living area", "King bedroom", "Marble bathroom", "Panoramic view", "WiFi", "Air conditioning", "Work desk", "Mini bar", "Royal Club access", "Butler service"],
        "images": [
          "https://images.unsplash.com/photo-1493809842364-78817add7ffb?w=1200&h=800&fit=crop",
          "https://images.unsplash.com/photo-1496417263034-38ec4f0b665a?w=1200&h=800&fit=crop"
        ],
        "description": "Regal suite with panoramic views and personalized service"
      },
      {
        "room_type": "Presidential Suite",
        "room_id": "blr006_presidential",
        "price": 45000,
        "size": "150 sqm",
        "capacity": "4 adults",
        "available_rooms": 1,
        "amenities": ["Master suite", "Guest suite", "Living room", "Dining room", "Kitchen", "2 Marble bathrooms", "Panoramic views", "Private terrace", "Butler service", "Private chef"],
        "images": [
          "https://images.unsplash.com/photo-1493809842364-78817add7ffb?w=1200&h=800&fit=crop",
          "https://images.unsplash.com/photo-1522770179533-24471fcdba45?w=1200&h=800&fit=crop"
        ],
        "description": "Ultimate luxury suite with royal treatment and exclusive amenities"
      }
    ],
    "hotel_amenities": ["Spa", "Pool", "Gym", "Multiple Restaurants", "Bar", "Concierge", "Valet Parking", "Royal Club", "Airport Transfer", "Butler Service"],
    "rating": 4.8,
    "image": "https://images.unsplash.com/photo-1551882547-ff40c63fe5fa?w=400&h=300&fit=crop"
  },
  {
    "hotel_id": "blr007",
    "hotel_name": "Sheraton Grand Bangalore Hotel",
    "category": "Business Luxury",
    "location": {
      "area": "Brigade Road",
      "address": "Brigade Road, Bengaluru, Karnataka 560025",
      "coordinates": {"lat": 12.9702, "lng": 77.5992},
      "area_description": "Shopping and entertainment district",
      "directions": {
        "from_airport": "Kempegowda International Airport is 38 km away (50 minutes by car)",
        "nearest_metro": "MG Road Metro Station - 1.0 km (8 minutes walk)",
        "railway_station": "Bangalore City Railway Station - 4.2 km (15 minutes)",
        "bus_stop": "Brigade Road Bus Stop - 0.2 km (2 minutes walk)"
      }
    },
    "rooms": [
      {
        "room_type": "Classic Room",
        "room_id": "blr007_classic",
        "price": 8000,
        "size": "32 sqm",
        "capacity": "2 adults",
        "available_rooms": 15,
        "amenities": ["King bed or Twin beds", "Marble bathroom", "City view", "WiFi", "Air conditioning", "Work desk", "Mini fridge", "Coffee/Tea maker"],
        "images": [
          "https://images.unsplash.com/photo-1560448075-0c1e2dfc1d6f?w=1200&h=800&fit=crop",
          "https://images.unsplash.com/photo-1560448204-e02f11c3d0e2?w=1200&h=800&fit=crop"
        ],
        "description": "Modern business room with essential amenities"
      },
      {
        "room_type": "Deluxe Room",
        "room_id": "blr007_deluxe",
        "price": 9000,
        "size": "38 sqm",
        "capacity": "2 adults + 1 child",
        "available_rooms": 12,
        "amenities": ["King bed", "Marble bathroom with bathtub", "City view", "WiFi", "Air conditioning", "Work desk", "Mini fridge", "Coffee/Tea maker", "Sitting area"],
        "images": [
          "https://images.unsplash.com/photo-1501117716987-c8e6a1f1a9a9?w=1200&h=800&fit=crop",
          "https://images.unsplash.com/photo-1522770179533-24471fcdba45?w=1200&h=800&fit=crop"
        ],
        "description": "Spacious deluxe room with enhanced comfort"
      },
      {
        "room_type": "Sheraton Club Room",
        "room_id": "blr007_club",
        "price": 11000,
        "size": "42 sqm",
        "capacity": "2 adults + 1 child",
        "available_rooms": 8,
        "amenities": ["King bed", "Marble bathroom", "Sheraton Club lounge access", "WiFi", "Air conditioning", "Work desk", "Mini fridge", "Coffee/Tea maker", "Evening hors d'oeuvres"],
        "images": [
          "https://images.unsplash.com/photo-1493809842364-78817add7ffb?w=1200&h=800&fit=crop",
          "https://images.unsplash.com/photo-1542314831-068cd1dbfeeb?w=1200&h=800&fit=crop"
        ],
        "description": "Premium room with exclusive Sheraton Club benefits"
      },
      {
        "room_type": "Executive Suite",
        "room_id": "blr007_executive",
        "price": 15000,
        "size": "65 sqm",
        "capacity": "3 adults",
        "available_rooms": 4,
        "amenities": ["Separate living area", "King bedroom", "Marble bathroom", "City view", "WiFi", "Air conditioning", "Work desk", "Mini fridge", "Sheraton Club access", "Dining area"],
        "images": [
          "https://images.unsplash.com/photo-1496417263034-38ec4f0b665a?w=1200&h=800&fit=crop",
          "https://images.unsplash.com/photo-1522770179533-24471fcdba45?w=1200&h=800&fit=crop"
        ],
        "description": "Elegant executive suite with separate living space"
      }
    ],
    "hotel_amenities": ["Gym", "Restaurant", "Bar", "Business Center", "Pool", "Spa", "Sheraton Club", "Meeting Rooms"],
    "rating": 4.5,
    "image": "https://images.unsplash.com/photo-1578662996442-48f60103fc96?w=400&h=300&fit=crop"
  }
]