[{"id": "hotel_001", "name": "The Ritz-Carlton, Bangalore", "category": "Luxury", "location": {"area": "MG Road", "address": "99, Residency Road, Bengaluru, Karnataka 560025", "area_description": "Heart of Bangalore's commercial district"}, "rooms": [{"room_type": "Standard Room", "room_id": "hotel_001_std", "price": 12000, "size": "35 sqm", "capacity": "2 adults", "available_rooms": 15, "amenities": ["King bed", "Marble bathroom", "City view", "WiFi", "Air conditioning", "Work desk", "Mini bar", "Coffee machine"], "description": "Elegantly appointed room with modern amenities and city views", "visible": true, "images": ["/static/images/standard-room.jpg", "/static/images/poolside.jpg"]}, {"room_type": "Deluxe Room", "room_id": "hotel_001_deluxe", "price": 15000, "size": "42 sqm", "capacity": "2 adults + 1 child", "available_rooms": 8, "amenities": ["King bed", "Marble bathroom with bathtub", "Partial city/pool view", "WiFi", "Air conditioning", "Work desk", "Mini bar", "Coffee machine", "Bathrobe", "Slippers"], "description": "Spacious room with enhanced amenities and premium views", "visible": true, "images": ["/static/images/deluxe-room.jpg", "/static/images/restaurant.jpg"]}, {"room_type": "Executive Suite", "room_id": "hotel_001_suite", "price": 25000, "size": "75 sqm", "capacity": "3 adults", "available_rooms": 3, "amenities": ["Separate living area", "King bedroom", "Marble bathroom with soaking tub", "City view", "WiFi", "Air conditioning", "Work desk", "Mini bar", "Coffee machine", "Club lounge access", "Butler service"], "description": "Luxurious suite with separate living area and personalized service", "visible": true, "images": ["/static/images/suite-room.jpg", "/static/images/premium-room.jpg"]}], "amenities": ["Spa", "Pool", "Gym", "Multiple Restaurants", "Bar", "Concierge", "Valet Parking", "Business Center", "Club Lounge", "Butler Service"], "rating": 4.8, "image": "https://images.unsplash.com/photo-1566073771259-6a8506099945?w=400&h=300&fit=crop"}, {"id": "hotel_002", "name": "JW Marriott Hotel Bengaluru", "category": "Luxury", "location": {"area": "UB City", "address": "24/1, Vittal Mallya Road, Bengaluru, Karnataka 560001", "area_description": "Premium shopping and dining destination"}, "rooms": [{"room_type": "Superior Room", "room_id": "hotel_002_superior", "price": 10000, "size": "38 sqm", "capacity": "2 adults", "available_rooms": 12, "amenities": ["King bed or Twin beds", "Marble bathroom", "City view", "WiFi", "Air conditioning", "Work desk", "Mini bar", "Coffee/Tea maker"], "description": "Comfortable room with contemporary design and essential amenities"}, {"room_type": "Deluxe Room", "room_id": "hotel_002_deluxe", "price": 12000, "size": "42 sqm", "capacity": "2 adults + 1 child", "available_rooms": 10, "amenities": ["King bed", "Marble bathroom with bathtub", "City/garden view", "WiFi", "Air conditioning", "Work desk", "Mini bar", "Coffee/Tea maker", "Sitting area"], "description": "Spacious room with enhanced comfort and views"}, {"room_type": "Executive Club Room", "room_id": "hotel_002_club", "price": 15000, "size": "45 sqm", "capacity": "2 adults + 1 child", "available_rooms": 6, "amenities": ["King bed", "Marble bathroom with separate shower", "Executive Club lounge access", "WiFi", "Air conditioning", "Work desk", "Mini bar", "Coffee/Tea maker", "Evening snacks"], "description": "Premium room with exclusive Executive Club privileges"}, {"room_type": "Junior Suite", "room_id": "hotel_002_junior_suite", "price": 20000, "size": "65 sqm", "capacity": "3 adults", "available_rooms": 4, "amenities": ["Separate living area", "King bedroom", "Marble bathroom", "City view", "WiFi", "Air conditioning", "Work desk", "Mini bar", "Executive Club access", "Dining area"], "description": "Elegant suite with separate living space and luxury amenities"}], "amenities": ["Spa", "Pool", "Gym", "Multiple Restaurants", "Bar", "Concierge", "Valet Parking", "Business Center", "Executive Club", "Butler Service"], "rating": 4.7, "image": "https://images.unsplash.com/photo-1582719478250-c89cae4dc85b?w=400&h=300&fit=crop"}, {"id": "hotel_003", "name": "Taj West End", "category": "Heritage Luxury", "location": {"area": "Race Course Road", "address": "Race Course Road, Bengaluru, Karnataka 560001", "area_description": "Historic luxury hotel in Bangalore"}, "rooms": [{"room_type": "Heritage Room", "room_id": "hotel_003_heritage", "price": 15000, "size": "40 sqm", "capacity": "2 adults", "available_rooms": 8, "amenities": ["King bed or Twin beds", "Heritage bathroom", "Garden view", "WiFi", "Air conditioning", "Work desk", "Mini bar", "Heritage decor"], "description": "Charming room with colonial heritage design and garden views"}, {"room_type": "Heritage Deluxe", "room_id": "hotel_003_deluxe", "price": 18000, "size": "48 sqm", "capacity": "2 adults + 1 child", "available_rooms": 5, "amenities": ["King bed", "Heritage bathroom with bathtub", "Garden/pool view", "WiFi", "Air conditioning", "Work desk", "Mini bar", "Sitting area", "Balcony"], "description": "Spacious heritage room with enhanced views and amenities"}, {"room_type": "Maharaja Suite", "room_id": "hotel_003_maharaja", "price": 40000, "size": "95 sqm", "capacity": "4 adults", "available_rooms": 2, "amenities": ["Master suite", "Living room", "Dining area", "Heritage bathroom", "Private garden", "WiFi", "Butler service", "Private chef on request", "Antique furnishings"], "description": "Regal suite with authentic heritage decor and royal amenities"}], "amenities": ["Spa", "Pool", "Gym", "Multiple Restaurants", "Bar", "Concierge", "Heritage Gardens", "Business Center", "Butler Service", "Private Gardens"], "rating": 4.9, "image": "https://images.unsplash.com/photo-1564501049412-61c2a3083791?w=400&h=300&fit=crop"}, {"id": "hotel_004", "name": "Hyatt Bangalore MG Road", "category": "Business Luxury", "location": {"area": "MG Road", "address": "1, MG Road, Bengaluru, Karnataka 560001", "area_description": "Prime business and shopping district"}, "rooms": [{"room_type": "King Room", "room_id": "hotel_004_king", "price": 8500, "size": "35 sqm", "capacity": "2 adults", "available_rooms": 20, "amenities": ["King bed", "Marble bathroom", "City view", "WiFi", "Air conditioning", "Work desk", "Mini fridge", "Coffee machine"], "description": "Modern business room with contemporary amenities"}, {"room_type": "Business Plan", "room_id": "hotel_004_business", "price": 12000, "size": "42 sqm", "capacity": "2 adults + 1 child", "available_rooms": 8, "amenities": ["King bed", "Marble bathroom", "Business lounge access", "WiFi", "Air conditioning", "Work desk", "Mini fridge", "Coffee machine", "Evening reception"], "description": "Business-focused room with exclusive lounge access"}, {"room_type": "Executive Suite", "room_id": "hotel_004_executive", "price": 18000, "size": "65 sqm", "capacity": "3 adults", "available_rooms": 4, "amenities": ["Separate living area", "King bedroom", "Marble bathroom", "City view", "WiFi", "Air conditioning", "Work desk", "Mini fridge", "Dining area", "Butler service"], "description": "Luxurious executive suite with separate living space"}], "amenities": ["Gym", "Restaurant", "Bar", "Business Center", "Meeting Rooms", "Concierge", "Business Lounge", "Airport Transfer"], "rating": 4.6, "image": "https://images.unsplash.com/photo-1549294413-26f195200c16?w=400&h=300&fit=crop"}, {"id": "hotel_005", "name": "ITC Grand Bharat, Bengaluru", "category": "Luxury", "location": {"area": "Race Course Road", "address": "Race Course Road, Bengaluru, Karnataka 560001", "area_description": "Luxury accommodation near city center"}, "rooms": [{"room_type": "ITC Classic Room", "room_id": "hotel_005_classic", "price": 12000, "size": "38 sqm", "capacity": "2 adults", "available_rooms": 12, "amenities": ["King bed", "Marble bathroom", "City view", "WiFi", "Air conditioning", "Work desk", "Mini bar", "Tea/Coffee maker"], "description": "Elegant room with traditional Indian hospitality"}, {"room_type": "ITC Executive Room", "room_id": "hotel_005_executive", "price": 14000, "size": "42 sqm", "capacity": "2 adults + 1 child", "available_rooms": 8, "amenities": ["King bed", "Marble bathroom with bathtub", "City view", "WiFi", "Air conditioning", "Work desk", "Mini bar", "Tea/Coffee maker", "Business lounge access"], "description": "Enhanced room with executive privileges and amenities"}, {"room_type": "ITC Royal Suite", "room_id": "hotel_005_royal", "price": 22000, "size": "70 sqm", "capacity": "3 adults", "available_rooms": 3, "amenities": ["Separate living area", "King bedroom", "Marble bathroom", "City view", "WiFi", "Air conditioning", "Work desk", "Mini bar", "Royal Lounge access", "Butler service"], "description": "Opulent suite with royal treatment and personalized service"}], "amenities": ["Spa", "Pool", "Gym", "Restaurant", "Bar", "Concierge", "Valet Parking", "Royal Lounge", "Butler Service"], "rating": 4.7, "image": "https://images.unsplash.com/photo-1571003123894-1f0594d2b5d9?w=400&h=300&fit=crop"}, {"id": "hotel_006", "name": "Leela Palace Bengaluru", "category": "Luxury", "location": {"area": "Airport Road", "address": "23, HAL Airport Road, Bengaluru, Karnataka 560008", "area_description": "Close to airport and business districts"}, "rooms": [{"room_type": "Premier Room", "room_id": "hotel_006_premier", "price": 14000, "size": "45 sqm", "capacity": "2 adults", "available_rooms": 10, "amenities": ["King bed", "Marble bathroom", "City/garden view", "WiFi", "Air conditioning", "Work desk", "Mini bar", "Coffee machine", "Balcony"], "description": "Elegant room with royal decor and premium amenities"}, {"room_type": "Club Room", "room_id": "hotel_006_club", "price": 16000, "size": "50 sqm", "capacity": "2 adults + 1 child", "available_rooms": 6, "amenities": ["King bed", "Marble bathroom with bathtub", "Club lounge access", "WiFi", "Air conditioning", "Work desk", "Mini bar", "Coffee machine", "Evening cocktails"], "description": "Luxurious room with exclusive Club Level privileges"}, {"room_type": "Presidential Suite", "room_id": "hotel_006_presidential", "price": 45000, "size": "150 sqm", "capacity": "4 adults", "available_rooms": 1, "amenities": ["Master suite", "Guest suite", "Living room", "Dining room", "Kitchen", "2 Marble bathrooms", "Panoramic views", "Private terrace", "Butler service", "Private chef"], "description": "Ultimate luxury suite with royal treatment and exclusive amenities"}], "amenities": ["Spa", "Pool", "Gym", "Multiple Restaurants", "Bar", "Concierge", "Valet Parking", "Royal Club", "Airport Transfer", "Butler Service"], "rating": 4.8, "image": "https://images.unsplash.com/photo-1551882547-ff40c63fe5fa?w=400&h=300&fit=crop"}, {"id": "hotel_007", "name": "Sheraton Grand Bangalore Hotel", "category": "Business Luxury", "location": {"area": "Brigade Road", "address": "Brigade Road, Bengaluru, Karnataka 560025", "area_description": "Shopping and entertainment district"}, "rooms": [{"room_type": "Classic Room", "room_id": "hotel_007_classic", "price": 8000, "size": "32 sqm", "capacity": "2 adults", "available_rooms": 18, "amenities": ["King bed or Twin beds", "Marble bathroom", "City view", "WiFi", "Air conditioning", "Work desk", "Mini fridge", "Coffee/Tea maker"], "description": "Modern business room with essential amenities"}, {"room_type": "Sheraton Club Room", "room_id": "hotel_007_club", "price": 11000, "size": "42 sqm", "capacity": "2 adults + 1 child", "available_rooms": 8, "amenities": ["King bed", "Marble bathroom", "Sheraton Club lounge access", "WiFi", "Air conditioning", "Work desk", "Mini fridge", "Coffee/Tea maker", "Evening hors d'oeuvres"], "description": "Premium room with exclusive Sheraton Club benefits"}, {"room_type": "Executive Suite", "room_id": "hotel_007_executive", "price": 15000, "size": "65 sqm", "capacity": "3 adults", "available_rooms": 4, "amenities": ["Separate living area", "King bedroom", "Marble bathroom", "City view", "WiFi", "Air conditioning", "Work desk", "Mini fridge", "Sheraton Club access", "Dining area"], "description": "Elegant executive suite with separate living space"}], "amenities": ["Gym", "Restaurant", "Bar", "Business Center", "Pool", "Spa", "Sheraton Club", "Meeting Rooms"], "rating": 4.5, "image": "https://images.unsplash.com/photo-1578662996442-48f60103fc96?w=400&h=300&fit=crop"}, {"id": "hotel_008", "name": "Radisson Blu Bengaluru", "category": "Business", "location": {"area": "Outer Ring Road", "address": "90/4, Marathahalli Road, Bengaluru, Karnataka 560037", "area_description": "Tech hub with easy airport access"}, "rooms": [{"room_type": "Standard Room", "room_id": "hotel_008_std", "price": 6000, "size": "30 sqm", "capacity": "2 adults", "available_rooms": 25, "amenities": ["King bed", "Private bathroom", "City view", "WiFi", "Air conditioning", "Work desk", "Mini fridge"], "description": "Comfortable business room with modern amenities"}, {"room_type": "Business Class Room", "room_id": "hotel_008_business", "price": 8000, "size": "35 sqm", "capacity": "2 adults + 1 child", "available_rooms": 12, "amenities": ["King bed", "Business class lounge access", "City view", "WiFi", "Air conditioning", "Work desk", "Mini fridge", "Coffee machine"], "description": "Enhanced business room with exclusive lounge access"}, {"room_type": "Junior Suite", "room_id": "hotel_008_junior", "price": 12000, "size": "55 sqm", "capacity": "3 adults", "available_rooms": 5, "amenities": ["Separate living area", "King bedroom", "City view", "WiFi", "Air conditioning", "Work desk", "Mini fridge", "Dining area"], "description": "Spacious suite with separate living area for business travelers"}], "amenities": ["Gym", "Restaurant", "Bar", "Business Center", "Pool", "Airport Shuttle", "Free Parking"], "rating": 4.3, "image": "https://images.unsplash.com/photo-1566073771259-6a8506099945?w=400&h=300&fit=crop"}, {"id": "hotel_009", "name": "Novotel Bengaluru Outer Ring Road", "category": "Business", "location": {"area": "Outer Ring Road", "address": "22, Service Road, Bengaluru, Karnataka 560103", "area_description": "Modern business hotel in tech corridor"}, "rooms": [{"room_type": "Superior Room", "room_id": "hotel_009_superior", "price": 5500, "size": "28 sqm", "capacity": "2 adults", "available_rooms": 30, "amenities": ["Queen bed", "Modern bathroom", "City view", "WiFi", "Air conditioning", "Work desk", "Mini fridge"], "description": "Contemporary room with essential business amenities"}, {"room_type": "Deluxe Room", "room_id": "hotel_009_deluxe", "price": 7000, "size": "32 sqm", "capacity": "2 adults + 1 child", "available_rooms": 15, "amenities": ["King bed", "Modern bathroom with bathtub", "City view", "WiFi", "Air conditioning", "Work desk", "Mini fridge", "Sitting area"], "description": "Spacious room with enhanced comfort and city views"}, {"room_type": "Executive Suite", "room_id": "hotel_009_executive", "price": 10000, "size": "50 sqm", "capacity": "3 adults", "available_rooms": 6, "amenities": ["Separate living area", "King bedroom", "City view", "WiFi", "Air conditioning", "Work desk", "Mini fridge", "Executive lounge access"], "description": "Executive suite with separate living area and lounge privileges"}], "amenities": ["Gym", "Restaurant", "Bar", "Business Center", "Pool", "Free WiFi", "Airport Shuttle"], "rating": 4.2, "image": "https://images.unsplash.com/photo-1582719478250-c89cae4dc85b?w=400&h=300&fit=crop"}, {"id": "hotel_010", "name": "Holiday Inn Express Bengaluru", "category": "Budget", "location": {"area": "Electronic City", "address": "92/1B, Electronic City Phase 1, Bengaluru, Karnataka 560100", "area_description": "Budget-friendly accommodation in tech hub"}, "rooms": [{"room_type": "Standard Room", "room_id": "hotel_010_std", "price": 3500, "size": "25 sqm", "capacity": "2 adults", "available_rooms": 35, "amenities": ["Queen bed", "Private bathroom", "City view", "Free WiFi", "Air conditioning", "Work desk", "Mini fridge"], "description": "Comfortable budget room with essential amenities"}, {"room_type": "Twin Room", "room_id": "hotel_010_twin", "price": 3500, "size": "25 sqm", "capacity": "2 adults", "available_rooms": 20, "amenities": ["Twin beds", "Private bathroom", "City view", "Free WiFi", "Air conditioning", "Work desk"], "description": "Perfect twin room for business travelers"}, {"room_type": "Suite", "room_id": "hotel_010_suite", "price": 5500, "size": "45 sqm", "capacity": "3 adults", "available_rooms": 8, "amenities": ["King bedroom", "Living area", "Kitchenette", "Free WiFi", "Air conditioning", "Work desk"], "description": "Spacious suite with kitchenette for longer stays"}], "amenities": ["Gym", "Restaurant", "Bar", "Business Center", "Free WiFi", "Free Breakfast", "Airport Shuttle"], "rating": 4.1, "image": "https://images.unsplash.com/photo-1549294413-26f195200c16?w=400&h=300&fit=crop"}]