[
    {
        "report_id": "7309af91-54f4-406e-a269-c52a83f55f63",
        "booking_id": "62fa4358-1e5e-47f9-8db9-81f75d35f728",
        "user_id": "059a1d15-b19e-400b-a49a-93c6316da838",
        "user_name": "Manupriya.kv",
        "user_email": "manupriya958@gmail.com",
        "hotel_name": "Hyatt Bangalore MG Road",
        "room_type": "King Room",
        "room_id": "blr004_king",
        "check_in": "2025-12-22",
        "check_out": "2025-12-25",
        "booking_date": "2025-12-21 22:13:51",
        "cost_breakdown": {
            "nights": 3,
            "price_per_night": 8500,
            "room_charges": 25500,
            "taxes": 4590.0,
            "service_charges": 2550.0,
            "subtotal": 32640.0,
            "coupon_discount": 0,
            "final_amount": 32640.0,
            "coupon_applied": false,
            "coupon_details": null
        },
        "payment_options": {
            "credit_card": {
                "name": "Credit Card",
                "processing_fee": 0,
                "processing_time": "Instant"
            },
            "debit_card": {
                "name": "Debit Card",
                "processing_fee": 0,
                "processing_time": "Instant"
            },
            "net_banking": {
                "name": "Net Banking",
                "processing_fee": 10,
                "processing_time": "1-2 hours"
            },
            "upi": {
                "name": "UPI",
                "processing_fee": 0,
                "processing_time": "Instant"
            },
            "wallet": {
                "name": "Digital Wallet",
                "processing_fee": 5,
                "processing_time": "Instant"
            },
            "bank_transfer": {
                "name": "Bank Transfer",
                "processing_fee": 25,
                "processing_time": "2-4 hours"
            }
        },
        "generated_at": "2025-12-21 22:13:51",
        "status": "pending_payment"
    },
    {
        "report_id": "9f6e46ea-e1a5-47fb-945b-24249e0d8430",
        "booking_id": "45c50c4d-9b86-4b50-8568-ff05c3b530f0",
        "user_id": "059a1d15-b19e-400b-a49a-93c6316da838",
        "user_name": "Manupriya.kv",
        "user_email": "manupriya958@gmail.com",
        "hotel_name": "Hyatt Bangalore MG Road",
        "room_type": "King Room",
        "room_id": "blr004_king",
        "check_in": "2025-12-25",
        "check_out": "2025-12-26",
        "booking_date": "2025-12-21 22:14:10",
        "cost_breakdown": {
            "nights": 1,
            "price_per_night": 8500,
            "room_charges": 8500,
            "taxes": 1530.0,
            "service_charges": 850.0,
            "subtotal": 10880.0,
            "coupon_discount": 0,
            "final_amount": 10880.0,
            "coupon_applied": false,
            "coupon_details": null
        },
        "payment_options": {
            "credit_card": {
                "name": "Credit Card",
                "processing_fee": 0,
                "processing_time": "Instant"
            },
            "debit_card": {
                "name": "Debit Card",
                "processing_fee": 0,
                "processing_time": "Instant"
            },
            "net_banking": {
                "name": "Net Banking",
                "processing_fee": 10,
                "processing_time": "1-2 hours"
            },
            "upi": {
                "name": "UPI",
                "processing_fee": 0,
                "processing_time": "Instant"
            },
            "wallet": {
                "name": "Digital Wallet",
                "processing_fee": 5,
                "processing_time": "Instant"
            },
            "bank_transfer": {
                "name": "Bank Transfer",
                "processing_fee": 25,
                "processing_time": "2-4 hours"
            }
        },
        "generated_at": "2025-12-21 22:14:10",
        "status": "pending_payment"
    },
    {
        "report_id": "d01daf4b-ba09-42e9-b81c-a8c01403c48d",
        "booking_id": "a6394d42-d933-4411-9872-b7207d76d2d6",
        "user_id": "059a1d15-b19e-400b-a49a-93c6316da838",
        "user_name": "Manupriya.kv",
        "user_email": "manupriya958@gmail.com",
        "hotel_name": "JW Marriott Hotel Bengaluru",
        "room_type": "Deluxe Room",
        "room_id": "blr002_deluxe",
        "check_in": "2025-12-24",
        "check_out": "2025-12-26",
        "booking_date": "2025-12-21 22:18:38",
        "cost_breakdown": {
            "nights": 2,
            "price_per_night": 12000,
            "room_charges": 24000,
            "taxes": 4320.0,
            "service_charges": 2400.0,
            "subtotal": 30720.0,
            "coupon_discount": 0,
            "final_amount": 30720.0,
            "coupon_applied": false,
            "coupon_details": null
        },
        "payment_options": {
            "credit_card": {
                "name": "Credit Card",
                "processing_fee": 0,
                "processing_time": "Instant"
            },
            "debit_card": {
                "name": "Debit Card",
                "processing_fee": 0,
                "processing_time": "Instant"
            },
            "net_banking": {
                "name": "Net Banking",
                "processing_fee": 10,
                "processing_time": "1-2 hours"
            },
            "upi": {
                "name": "UPI",
                "processing_fee": 0,
                "processing_time": "Instant"
            },
            "wallet": {
                "name": "Digital Wallet",
                "processing_fee": 5,
                "processing_time": "Instant"
            },
            "bank_transfer": {
                "name": "Bank Transfer",
                "processing_fee": 25,
                "processing_time": "2-4 hours"
            }
        },
        "generated_at": "2025-12-21 22:18:38",
        "status": "pending_payment"
    },
    {
        "report_id": "08267dd0-3442-4832-94b4-2ea0ebe93fc1",
        "booking_id": "81d809af-9188-4644-92b5-462ed1b4e9e0",
        "user_id": "059a1d15-b19e-400b-a49a-93c6316da838",
        "user_name": "Manupriya.kv",
        "user_email": "manupriya958@gmail.com",
        "hotel_name": "The Ritz-Carlton, Bangalore",
        "room_type": "Standard Room",
        "room_id": "blr001_std",
        "check_in": "2025-12-25",
        "check_out": "2025-12-26",
        "booking_date": "2025-12-21 22:19:41",
        "cost_breakdown": {
            "nights": 1,
            "price_per_night": 12000,
            "room_charges": 12000,
            "taxes": 2160.0,
            "service_charges": 1200.0,
            "subtotal": 15360.0,
            "coupon_discount": 0,
            "final_amount": 15360.0,
            "coupon_applied": false,
            "coupon_details": null
        },
        "payment_options": {
            "credit_card": {
                "name": "Credit Card",
                "processing_fee": 0,
                "processing_time": "Instant"
            },
            "debit_card": {
                "name": "Debit Card",
                "processing_fee": 0,
                "processing_time": "Instant"
            },
            "net_banking": {
                "name": "Net Banking",
                "processing_fee": 10,
                "processing_time": "1-2 hours"
            },
            "upi": {
                "name": "UPI",
                "processing_fee": 0,
                "processing_time": "Instant"
            },
            "wallet": {
                "name": "Digital Wallet",
                "processing_fee": 5,
                "processing_time": "Instant"
            },
            "bank_transfer": {
                "name": "Bank Transfer",
                "processing_fee": 25,
                "processing_time": "2-4 hours"
            }
        },
        "generated_at": "2025-12-21 22:19:41",
        "status": "pending_payment"
    },
    {
        "report_id": "e880fb83-3898-49aa-9dd1-ce9d0e78a15e",
        "booking_id": "941cd1ef-bb20-40f6-9a3f-06fbe0a30ce8",
        "user_id": "059a1d15-b19e-400b-a49a-93c6316da838",
        "user_name": "Manupriya.kv",
        "user_email": "manupriya958@gmail.com",
        "hotel_name": "The Ritz-Carlton, Bangalore",
        "room_type": "Standard Room",
        "room_id": "blr001_std",
        "check_in": "2025-12-26",
        "check_out": "2025-12-27",
        "booking_date": "2025-12-21 22:23:23",
        "cost_breakdown": {
            "nights": 1,
            "price_per_night": 12000,
            "room_charges": 12000,
            "taxes": 2160.0,
            "service_charges": 1200.0,
            "subtotal": 15360.0,
            "coupon_discount": 0,
            "final_amount": 15360.0,
            "coupon_applied": false,
            "coupon_details": null
        },
        "payment_options": {
            "credit_card": {
                "name": "Credit Card",
                "processing_fee": 0,
                "processing_time": "Instant"
            },
            "debit_card": {
                "name": "Debit Card",
                "processing_fee": 0,
                "processing_time": "Instant"
            },
            "net_banking": {
                "name": "Net Banking",
                "processing_fee": 10,
                "processing_time": "1-2 hours"
            },
            "upi": {
                "name": "UPI",
                "processing_fee": 0,
                "processing_time": "Instant"
            },
            "wallet": {
                "name": "Digital Wallet",
                "processing_fee": 5,
                "processing_time": "Instant"
            },
            "bank_transfer": {
                "name": "Bank Transfer",
                "processing_fee": 25,
                "processing_time": "2-4 hours"
            }
        },
        "generated_at": "2025-12-21 22:23:23",
        "status": "pending_payment"
    }
]