[{"id": "std_001", "name": "Grand Plaza Hotel & Suites - Standard Room", "type": "Standard", "ac": true, "price": 3500, "image_path": "https://images.unsplash.com/photo-1566073771259-6a8506099945?w=400&h=300&fit=crop", "availability": true, "area": "Downtown Business District", "area_description": "Prime location in the heart of the city", "amenities": ["Free WiFi", "Air conditioning", "Work desk", "TV", "Mini fridge"], "rating": 4.3, "description": "Comfortable room with modern amenities"}, {"id": "dlx_001", "name": "Grand Plaza Hotel & Suites - Deluxe Room", "type": "Deluxe", "ac": true, "price": 4500, "image_path": "https://images.unsplash.com/photo-1566073771259-6a8506099945?w=400&h=300&fit=crop", "availability": true, "area": "Downtown Business District", "area_description": "Prime location in the heart of the city", "amenities": ["Free WiFi", "Air conditioning", "Work desk", "TV", "Mini fridge", "Balcony", "City view"], "rating": 4.5, "description": "Spacious room with city views and balcony"}, {"id": "exe_001", "name": "Grand Plaza Hotel & Suites - Executive Suite", "type": "Suite", "ac": true, "price": 6500, "image_path": "https://images.unsplash.com/photo-1566073771259-6a8506099945?w=400&h=300&fit=crop", "availability": true, "area": "Downtown Business District", "area_description": "Prime location in the heart of the city", "amenities": ["Free WiFi", "Air conditioning", "Living area", "Work desk", "TV", "Mini fridge", "Executive lounge access"], "rating": 4.7, "description": "Luxurious suite with separate living area and lounge access"}, {"id": "sea_001", "name": "Seaside Resort & Spa - Ocean View Room", "type": "Ocean View", "ac": true, "price": 5500, "image_path": "https://images.unsplash.com/photo-1551882547-ff40c63fe5fa?w=400&h=300&fit=crop", "availability": true, "area": "Beachfront Location", "area_description": "Stunning coastal views and beach access", "amenities": ["Ocean view", "Free WiFi", "Air conditioning", "Balcony", "Mini bar"], "rating": 4.6, "description": "Stunning ocean views from your private balcony"}, {"id": "sea_002", "name": "Seaside Resort & Spa - Beachfront Suite", "type": "Beachfront Suite", "ac": true, "price": 8500, "image_path": "https://images.unsplash.com/photo-1551882547-ff40c63fe5fa?w=400&h=300&fit=crop", "availability": true, "area": "Beachfront Location", "area_description": "Stunning coastal views and beach access", "amenities": ["Direct beach access", "Ocean view", "Living area", "Mini kitchen", "Private terrace"], "rating": 4.8, "description": "Luxury suite with direct beach access and private terrace"}, {"id": "sea_003", "name": "Seaside Resort & Spa - Presidential Villa", "type": "Presidential Villa", "ac": true, "price": 15000, "image_path": "https://images.unsplash.com/photo-1551882547-ff40c63fe5fa?w=400&h=300&fit=crop", "availability": true, "area": "Beachfront Location", "area_description": "Stunning coastal views and beach access", "amenities": ["Private beach section", "Butler service", "Private pool", "Full kitchen", "Multiple bedrooms"], "rating": 4.9, "description": "Ultimate luxury with private beach section and pool"}, {"id": "mnt_001", "name": "Mountain View Lodge - Mountain Room", "type": "Mountain View", "ac": true, "price": 4200, "image_path": "https://images.unsplash.com/photo-1571003123894-1f0594d2b5d9?w=400&h=300&fit=crop", "availability": true, "area": "Scenic Mountain Area", "area_description": "Breathtaking mountain vistas and outdoor activities", "amenities": ["Mountain view", "Free WiFi", "Fireplace", "Coffee machine", "Hiking gear storage"], "rating": 4.4, "description": "Cozy room with stunning mountain vistas"}, {"id": "mnt_002", "name": "Mountain View Lodge - Alpine Suite", "type": "Alpine Suite", "ac": true, "price": 6800, "image_path": "https://images.unsplash.com/photo-1571003123894-1f0594d2b5d9?w=400&h=300&fit=crop", "availability": true, "area": "Scenic Mountain Area", "area_description": "Breathtaking mountain vistas and outdoor activities", "amenities": ["Panoramic views", "Living area", "Kitchenette", "Fireplace", "Balcony"], "rating": 4.6, "description": "Spacious suite with panoramic mountain views"}, {"id": "mnt_003", "name": "Mountain View Lodge - Summit Villa", "type": "Summit Villa", "ac": true, "price": 12000, "image_path": "https://images.unsplash.com/photo-1571003123894-1f0594d2b5d9?w=400&h=300&fit=crop", "availability": true, "area": "Scenic Mountain Area", "area_description": "Breathtaking mountain vistas and outdoor activities", "amenities": ["360° mountain views", "Private hot tub", "Full kitchen", "Multiple terraces"], "rating": 4.8, "description": "Exclusive villa with 360° mountain views and hot tub"}, {"id": "biz_001", "name": "City Center Business Hotel - Business Room", "type": "Business", "ac": true, "price": 3800, "image_path": "https://images.unsplash.com/photo-1582719478250-c89cae4dc85b?w=400&h=300&fit=crop", "availability": true, "area": "Central Business District", "area_description": "Perfect for corporate travelers and meetings", "amenities": ["Work desk", "Ergonomic chair", "High-speed WiFi", "Coffee machine", "City view"], "rating": 4.2, "description": "Perfect for business travelers with dedicated work space"}, {"id": "biz_002", "name": "City Center Business Hotel - Executive Room", "type": "Executive", "ac": true, "price": 5200, "image_path": "https://images.unsplash.com/photo-1582719478250-c89cae4dc85b?w=400&h=300&fit=crop", "availability": true, "area": "Central Business District", "area_description": "Perfect for corporate travelers and meetings", "amenities": ["Work area", "High-speed WiFi", "Executive lounge access", "City view", "Coffee machine"], "rating": 4.5, "description": "Enhanced business room with executive privileges"}, {"id": "biz_003", "name": "City Center Business Hotel - Business Suite", "type": "Business Suite", "ac": true, "price": 7500, "image_path": "https://images.unsplash.com/photo-1582719478250-c89cae4dc85b?w=400&h=300&fit=crop", "availability": true, "area": "Central Business District", "area_description": "Perfect for corporate travelers and meetings", "amenities": ["Separate office", "Meeting area", "Executive lounge", "High-speed WiFi", "City view"], "rating": 4.7, "description": "Comprehensive suite for business meetings and work"}, {"id": "her_001", "name": "Historic Heritage Hotel - Heritage Room", "type": "Heritage", "ac": true, "price": 4800, "image_path": "https://images.unsplash.com/photo-1564501049412-61c2a3083791?w=400&h=300&fit=crop", "availability": true, "area": "Old Town District", "area_description": "Historic charm with traditional architecture", "amenities": ["Heritage decor", "Garden view", "Free WiFi", "Antique furniture", "Traditional bathroom"], "rating": 4.8, "description": "Charming room with authentic heritage furnishings"}, {"id": "her_002", "name": "Historic Heritage Hotel - Royal Suite", "type": "Royal Suite", "ac": true, "price": 8500, "image_path": "https://images.unsplash.com/photo-1564501049412-61c2a3083791?w=400&h=300&fit=crop", "availability": true, "area": "Old Town District", "area_description": "Historic charm with traditional architecture", "amenities": ["Historic details", "Living area", "Heritage bath", "Garden terrace", "Butler service"], "rating": 4.9, "description": "Elegant suite with royal heritage features"}, {"id": "her_003", "name": "Historic Heritage Hotel - Maharaja Suite", "type": "Maharaja Suite", "ac": true, "price": 18000, "image_path": "https://images.unsplash.com/photo-1564501049412-61c2a3083791?w=400&h=300&fit=crop", "availability": true, "area": "Old Town District", "area_description": "Historic charm with traditional architecture", "amenities": ["Palace-like decor", "Private courtyard", "Personal butler", "Traditional spa", "Exclusive dining"], "rating": 5.0, "description": "Regal suite with palace-like opulence and personal service"}, {"id": "air_001", "name": "Airport Transit Hotel - Transit Room", "type": "Transit", "ac": true, "price": 2800, "image_path": "https://images.unsplash.com/photo-1549294413-26f195200c16?w=400&h=300&fit=crop", "availability": true, "area": "Near International Airport", "area_description": "Convenient location for transit passengers", "amenities": ["Soundproof", "Free WiFi", "Work desk", "Airport shuttle"], "rating": 4.0, "description": "Comfortable room for short stays and transit"}, {"id": "air_002", "name": "Airport Transit Hotel - Comfort Room", "type": "Comfort", "ac": true, "price": 3500, "image_path": "https://images.unsplash.com/photo-1549294413-26f195200c16?w=400&h=300&fit=crop", "availability": true, "area": "Near International Airport", "area_description": "Convenient location for transit passengers", "amenities": ["Soundproof", "Free WiFi", "Air conditioning", "Work desk", "Airport view"], "rating": 4.2, "description": "Relaxing room with airport views"}, {"id": "air_003", "name": "Airport Transit Hotel - Business Transit Suite", "type": "Business Transit Suite", "ac": true, "price": 5500, "image_path": "https://images.unsplash.com/photo-1549294413-26f195200c16?w=400&h=300&fit=crop", "availability": true, "area": "Near International Airport", "area_description": "Convenient location for transit passengers", "amenities": ["Separate work area", "Business lounge access", "Express check-in", "Meeting space"], "rating": 4.4, "description": "Perfect for business travelers with express services"}, {"id": "bou_001", "name": "Boutique Design Hotel - Artist Room", "type": "Artist", "ac": true, "price": 4200, "image_path": "https://images.unsplash.com/photo-1578662996442-48f60103fc96?w=400&h=300&fit=crop", "availability": true, "area": "Arts & Entertainment District", "area_description": "Creative quarter with local art and culture", "amenities": ["Local art", "Free WiFi", "Creative workspace", "Minibar", "City view"], "rating": 4.3, "description": "Inspiring room showcasing local artistic talent"}, {"id": "bou_002", "name": "Boutique Design Hotel - Designer Suite", "type": "Designer Suite", "ac": true, "price": 6800, "image_path": "https://images.unsplash.com/photo-1578662996442-48f60103fc96?w=400&h=300&fit=crop", "availability": true, "area": "Arts & Entertainment District", "area_description": "Creative quarter with local art and culture", "amenities": ["Unique design", "Living area", "Art installations", "Rooftop access", "Minibar"], "rating": 4.6, "description": "Artistically designed suite with unique furnishings"}, {"id": "bou_003", "name": "Boutique Design Hotel - Creative Penthouse", "type": "Creative Penthouse", "ac": true, "price": 12000, "image_path": "https://images.unsplash.com/photo-1578662996442-48f60103fc96?w=400&h=300&fit=crop", "availability": true, "area": "Arts & Entertainment District", "area_description": "Creative quarter with local art and culture", "amenities": ["360° city views", "Private terrace", "Art studio", "Full kitchen", "Rooftop garden"], "rating": 4.8, "description": "Ultimate creative space with panoramic views and studio"}, {"id": "fam_001", "name": "Family Resort & Water Park - Family Room", "type": "Family", "ac": true, "price": 4800, "image_path": "https://images.unsplash.com/photo-1551882547-ff40c63fe5fa?w=400&h=300&fit=crop", "availability": true, "area": "Family Entertainment Zone", "area_description": "Fun-filled destination for families with children", "amenities": ["Kids area", "Free WiFi", "Mini fridge", "TV with kids channels"], "rating": 4.4, "description": "Family-friendly room with bunk beds for children"}, {"id": "fam_002", "name": "Family Resort & Water Park - Water Park Suite", "type": "Water Park Suite", "ac": true, "price": 7500, "image_path": "https://images.unsplash.com/photo-1551882547-ff40c63fe5fa?w=400&h=300&fit=crop", "availability": true, "area": "Family Entertainment Zone", "area_description": "Fun-filled destination for families with children", "amenities": ["Water park access", "Separate kids area", "Kitchenette", "Multiple TVs"], "rating": 4.6, "description": "Large suite with direct water park access"}, {"id": "fam_003", "name": "Family Resort & Water Park - Family Villa", "type": "Family Villa", "ac": true, "price": 12000, "image_path": "https://images.unsplash.com/photo-1551882547-ff40c63fe5fa?w=400&h=300&fit=crop", "availability": true, "area": "Family Entertainment Zone", "area_description": "Fun-filled destination for families with children", "amenities": ["Private pool", "Game room", "Full kitchen", "Multiple bedrooms", "Water park VIP"], "rating": 4.8, "description": "Spacious villa with private pool and VIP water park access"}]