[{"id": "booking_sample_001", "user_id": "demo_user_001", "room_id": "blr001_deluxe", "check_in": "2025-12-20", "check_out": "2025-12-23", "total_cost": 45000, "original_cost": 45000, "cost_breakdown": {"nights": 3, "price_per_night": 15000, "room_charges": 45000, "taxes": 8100, "service_charges": 4500, "subtotal": 57600, "coupon_discount": 0, "final_amount": 57600, "coupon_applied": false, "coupon_details": null}, "coupon_code": null, "payment_method": "credit_card", "booking_date": "2025-12-17 10:30:00", "status": "confirmed"}, {"id": "booking_sample_002", "user_id": "demo_user_002", "room_id": "blr002_club", "check_in": "2025-12-22", "check_out": "2025-12-24", "total_cost": 25920, "original_cost": 32400, "cost_breakdown": {"nights": 2, "price_per_night": 15000, "room_charges": 30000, "taxes": 5400, "service_charges": 3000, "subtotal": 38400, "coupon_discount": 6480, "final_amount": 31920, "coupon_applied": true, "coupon_details": {"code": "WELCOME20", "discount_type": "percentage", "discount_value": 20}}, "coupon_code": "WELCOME20", "payment_method": "upi", "booking_date": "2025-12-17 14:15:00", "status": "confirmed"}, {"id": "booking_sample_003", "user_id": "demo_user_003", "room_id": "blr003_suite", "check_in": "2025-12-25", "check_out": "2025-12-27", "total_cost": 49800, "original_cost": 50000, "cost_breakdown": {"nights": 2, "price_per_night": 25000, "room_charges": 50000, "taxes": 9000, "service_charges": 5000, "subtotal": 64000, "coupon_discount": 14000, "final_amount": 50000, "coupon_applied": true, "coupon_details": {"code": "SAVE500", "discount_type": "fixed", "discount_value": 14000}}, "coupon_code": "SAVE500", "payment_method": "net_banking", "booking_date": "2025-12-17 16:45:00", "status": "confirmed"}]