[{"id": "hotel_001", "name": "Grand Plaza Hotel & Suites", "location": "Downtown Business District", "city": "Metropolitan City", "rating": 4.6, "image": "https://images.unsplash.com/photo-1566073771259-6a8506099945?w=400&h=300&fit=crop", "description": "Modern luxury hotel in the heart of the business district with excellent amenities", "amenities": ["Free WiFi", "Swimming Pool", "Gym", "Restaurant", "Business Center", "Valet Parking"], "room_types": [{"id": "std_001", "name": "Standard Room", "price": 3500, "size": "28 sqm", "capacity": "2 adults", "bed": "King bed or Twin beds", "amenities": ["Free WiFi", "Air conditioning", "Work desk", "TV", "Mini fridge"], "description": "Comfortable room with modern amenities", "images": ["https://images.unsplash.com/photo-1631049307264-da0ec9d70304?w=400&h=300&fit=crop", "https://images.unsplash.com/photo-1590490360182-c33d57733427?w=400&h=300&fit=crop", "https://images.unsplash.com/photo-1582719478250-c89cae4dc85b?w=400&h=300&fit=crop"]}, {"id": "dlx_001", "name": "Deluxe Room", "price": 4500, "size": "35 sqm", "capacity": "2 adults + 1 child", "bed": "King bed", "amenities": ["Free WiFi", "Air conditioning", "Work desk", "TV", "Mini fridge", "Balcony", "City view"], "description": "Spacious room with city views and balcony", "images": ["https://images.unsplash.com/photo-1560185008-b033106af2fb?w=400&h=300&fit=crop", "https://images.unsplash.com/photo-1560472354-b33ff0c44a43?w=400&h=300&fit=crop", "https://images.unsplash.com/photo-1590490360182-c33d57733427?w=400&h=300&fit=crop"]}, {"id": "exe_001", "name": "Executive Suite", "price": 6500, "size": "55 sqm", "capacity": "3 adults", "bed": "King bed + Sofa bed", "amenities": ["Free WiFi", "Air conditioning", "Living area", "Work desk", "TV", "Mini fridge", "Executive lounge access"], "description": "Luxurious suite with separate living area and lounge access", "images": ["https://images.unsplash.com/photo-1560185009-5bf9f2849488?w=400&h=300&fit=crop", "https://images.unsplash.com/photo-1560066984-138dadb4c035?w=400&h=300&fit=crop", "https://images.unsplash.com/photo-1560472355-536de3962603?w=400&h=300&fit=crop"]}]}, {"id": "hotel_002", "name": "Seaside Resort & Spa", "location": "Beachfront Location", "city": "Coastal Paradise", "rating": 4.8, "image": "https://images.unsplash.com/photo-1551882547-ff40c63fe5fa?w=400&h=300&fit=crop", "description": "Beautiful beachfront resort with spa facilities and ocean views", "amenities": ["Beach Access", "Spa", "Swimming Pool", "Multiple Restaurants", "Water Sports", "Kids Club"], "room_types": [{"id": "sea_001", "name": "Ocean View Room", "price": 5500, "size": "32 sqm", "capacity": "2 adults", "bed": "King bed", "amenities": ["Ocean view", "Free WiFi", "Air conditioning", "Balcony", "Mini bar"], "description": "Stunning ocean views from your private balcony", "images": ["https://images.unsplash.com/photo-1571896349842-33c89424de2d?w=400&h=300&fit=crop", "https://images.unsplash.com/photo-1582719478250-c89cae4dc85b?w=400&h=300&fit=crop", "https://images.unsplash.com/photo-1560185008-b033106af2fb?w=400&h=300&fit=crop"]}, {"id": "sea_002", "name": "Beachfront Suite", "price": 8500, "size": "65 sqm", "capacity": "2 adults + 2 children", "bed": "King bed + Sofa bed", "amenities": ["Direct beach access", "Ocean view", "Living area", "Mini kitchen", "Private terrace"], "description": "Luxury suite with direct beach access and private terrace", "images": ["https://images.unsplash.com/photo-1560066984-138dadb4c035?w=400&h=300&fit=crop", "https://images.unsplash.com/photo-1571896349842-33c89424de2d?w=400&h=300&fit=crop", "https://images.unsplash.com/photo-1560472355-536de3962603?w=400&h=300&fit=crop"]}, {"id": "sea_003", "name": "Presidential Villa", "price": 15000, "size": "120 sqm", "capacity": "6 adults", "bed": "2 King beds + Sofa beds", "amenities": ["Private beach section", "Butler service", "Private pool", "Full kitchen", "Multiple bedrooms"], "description": "Ultimate luxury with private beach section and pool", "images": ["https://images.unsplash.com/photo-1560185009-5bf9f2849488?w=400&h=300&fit=crop", "https://images.unsplash.com/photo-1560472354-b33ff0c44a43?w=400&h=300&fit=crop", "https://images.unsplash.com/photo-1560066984-138dadb4c035?w=400&h=300&fit=crop"]}]}, {"id": "hotel_003", "name": "Mountain View Lodge", "location": "Scenic Mountain Area", "city": "Highland Retreat", "rating": 4.7, "image": "https://images.unsplash.com/photo-1571003123894-1f0594d2b5d9?w=400&h=300&fit=crop", "description": "Peaceful mountain lodge with breathtaking views and outdoor activities", "amenities": ["Mountain Views", "Hiking Trails", "Fireplace Lounge", "Spa", "Adventure Sports", "Organic Restaurant"], "room_types": [{"id": "mnt_001", "name": "Mountain Room", "price": 4200, "size": "30 sqm", "capacity": "2 adults", "bed": "Queen bed", "amenities": ["Mountain view", "Free WiFi", "Fireplace", "Coffee machine", "Hiking gear storage"], "description": "Cozy room with stunning mountain vistas", "images": ["https://images.unsplash.com/photo-1571896349842-33c89424de2d?w=400&h=300&fit=crop", "https://images.unsplash.com/photo-1582719478250-c89cae4dc85b?w=400&h=300&fit=crop", "https://images.unsplash.com/photo-1560185008-b033106af2fb?w=400&h=300&fit=crop"]}, {"id": "mnt_002", "name": "Alpine Suite", "price": 6800, "size": "60 sqm", "capacity": "2 adults + 2 children", "bed": "King bed + Bunk beds", "amenities": ["Panoramic views", "Living area", "Kitchenette", "Fireplace", "Balcony"], "description": "Spacious suite with panoramic mountain views", "images": ["https://images.unsplash.com/photo-1560185009-5bf9f2849488?w=400&h=300&fit=crop", "https://images.unsplash.com/photo-1560066984-138dadb4c035?w=400&h=300&fit=crop", "https://images.unsplash.com/photo-1560472355-536de3962603?w=400&h=300&fit=crop"]}, {"id": "mnt_003", "name": "Summit Villa", "price": 12000, "size": "100 sqm", "capacity": "4 adults", "bed": "2 King beds", "amenities": ["360° mountain views", "Private hot tub", "Full kitchen", "Multiple terraces"], "description": "Exclusive villa with 360° mountain views and hot tub", "images": ["https://images.unsplash.com/photo-1560472354-b33ff0c44a43?w=400&h=300&fit=crop", "https://images.unsplash.com/photo-1560185009-5bf9f2849488?w=400&h=300&fit=crop", "https://images.unsplash.com/photo-1560066984-138dadb4c035?w=400&h=300&fit=crop"]}]}, {"id": "hotel_004", "name": "City Center Business Hotel", "location": "Central Business District", "city": "Metropolitan City", "rating": 4.4, "image": "https://images.unsplash.com/photo-1582719478250-c89cae4dc85b?w=400&h=300&fit=crop", "description": "Modern business hotel perfect for corporate travelers and conferences", "amenities": ["Business Center", "Meeting Rooms", "High-speed WiFi", "Fitness Center", "Multiple Restaurants", "Airport Shuttle"], "room_types": [{"id": "biz_001", "name": "Business Room", "price": 3800, "size": "26 sqm", "capacity": "1 adult", "bed": "Single bed", "amenities": ["Work desk", "Ergonomic chair", "High-speed WiFi", "Coffee machine", "City view"], "description": "Perfect for business travelers with dedicated work space", "images": ["https://images.unsplash.com/photo-1631049307264-da0ec9d70304?w=400&h=300&fit=crop", "https://images.unsplash.com/photo-1590490360182-c33d57733427?w=400&h=300&fit=crop", "https://images.unsplash.com/photo-1582719478250-c89cae4dc85b?w=400&h=300&fit=crop"]}, {"id": "biz_002", "name": "Executive Room", "price": 5200, "size": "35 sqm", "capacity": "2 adults", "bed": "King bed", "amenities": ["Work area", "High-speed WiFi", "Executive lounge access", "City view", "Coffee machine"], "description": "Enhanced business room with executive privileges", "images": ["https://images.unsplash.com/photo-1560185008-b033106af2fb?w=400&h=300&fit=crop", "https://images.unsplash.com/photo-1560185009-5bf9f2849488?w=400&h=300&fit=crop", "https://images.unsplash.com/photo-1560472354-b33ff0c44a43?w=400&h=300&fit=crop"]}, {"id": "biz_003", "name": "Business Suite", "price": 7500, "size": "55 sqm", "capacity": "3 adults", "bed": "King bed + Sofa bed", "amenities": ["Separate office", "Meeting area", "Executive lounge", "High-speed WiFi", "City view"], "description": "Comprehensive suite for business meetings and work", "images": ["https://images.unsplash.com/photo-1560472355-536de3962603?w=400&h=300&fit=crop", "https://images.unsplash.com/photo-1560066984-138dadb4c035?w=400&h=300&fit=crop", "https://images.unsplash.com/photo-1560185009-5bf9f2849488?w=400&h=300&fit=crop"]}]}, {"id": "hotel_005", "name": "Historic Heritage Hotel", "location": "Old Town District", "city": "Cultural Heritage City", "rating": 4.9, "image": "https://images.unsplash.com/photo-1564501049412-61c2a3083791?w=400&h=300&fit=crop", "description": "Beautifully restored heritage property with traditional architecture and modern comfort", "amenities": ["Heritage Architecture", "Traditional Spa", "Cultural Tours", "Fine Dining", "Gardens", "Concierge"], "room_types": [{"id": "her_001", "name": "Heritage Room", "price": 4800, "size": "32 sqm", "capacity": "2 adults", "bed": "Four-poster bed", "amenities": ["Heritage decor", "Garden view", "Free WiFi", "Antique furniture", "Traditional bathroom"], "description": "Charming room with authentic heritage furnishings", "images": ["https://images.unsplash.com/photo-1571896349842-33c89424de2d?w=400&h=300&fit=crop", "https://images.unsplash.com/photo-1560185008-b033106af2fb?w=400&h=300&fit=crop", "https://images.unsplash.com/photo-1560472354-b33ff0c44a43?w=400&h=300&fit=crop"]}, {"id": "her_002", "name": "Royal Suite", "price": 8500, "size": "70 sqm", "capacity": "2 adults + 2 children", "bed": "Canopy bed + Day bed", "amenities": ["Historic details", "Living area", "Heritage bath", "Garden terrace", "Butler service"], "description": "Elegant suite with royal heritage features", "images": ["https://images.unsplash.com/photo-1560066984-138dadb4c035?w=400&h=300&fit=crop", "https://images.unsplash.com/photo-1560472355-536de3962603?w=400&h=300&fit=crop", "https://images.unsplash.com/photo-1560185009-5bf9f2849488?w=400&h=300&fit=crop"]}, {"id": "her_003", "name": "Maharaja Suite", "price": 18000, "size": "120 sqm", "capacity": "4 adults", "bed": "2 Canopy beds", "amenities": ["Palace-like decor", "Private courtyard", "Personal butler", "Traditional spa", "Exclusive dining"], "description": "Regal suite with palace-like opulence and personal service", "images": ["https://images.unsplash.com/photo-1560472354-b33ff0c44a43?w=400&h=300&fit=crop", "https://images.unsplash.com/photo-1560066984-138dadb4c035?w=400&h=300&fit=crop", "https://images.unsplash.com/photo-1560185009-5bf9f2849488?w=400&h=300&fit=crop"]}]}, {"id": "hotel_006", "name": "Airport Transit Hotel", "location": "Near International Airport", "city": "Airport City", "rating": 4.2, "image": "https://images.unsplash.com/photo-1549294413-26f195200c16?w=400&h=300&fit=crop", "description": "Convenient airport hotel perfect for transit passengers and early flights", "amenities": ["Airport Shuttle", "24/7 Service", "Quick Check-in", "Luggage Storage", "Restaurant", "Business Lounge"], "room_types": [{"id": "air_001", "name": "Transit Room", "price": 2800, "size": "20 sqm", "capacity": "1 adult", "bed": "Single bed", "amenities": ["Soundproof", "Free WiFi", "Work desk", "Airport shuttle"], "description": "Comfortable room for short stays and transit", "images": ["https://images.unsplash.com/photo-1631049307264-da0ec9d70304?w=400&h=300&fit=crop", "https://images.unsplash.com/photo-1590490360182-c33d57733427?w=400&h=300&fit=crop", "https://images.unsplash.com/photo-1582719478250-c89cae4dc85b?w=400&h=300&fit=crop"]}, {"id": "air_002", "name": "Comfort Room", "price": 3500, "size": "25 sqm", "capacity": "2 adults", "bed": "Queen bed", "amenities": ["Soundproof", "Free WiFi", "Air conditioning", "Work desk", "Airport view"], "description": "Relaxing room with airport views", "images": ["https://images.unsplash.com/photo-1560185008-b033106af2fb?w=400&h=300&fit=crop", "https://images.unsplash.com/photo-1560185009-5bf9f2849488?w=400&h=300&fit=crop", "https://images.unsplash.com/photo-1560472354-b33ff0c44a43?w=400&h=300&fit=crop"]}, {"id": "air_003", "name": "Business Transit Suite", "price": 5500, "size": "40 sqm", "capacity": "2 adults", "bed": "King bed", "amenities": ["Separate work area", "Business lounge access", "Express check-in", "Meeting space"], "description": "Perfect for business travelers with express services", "images": ["https://images.unsplash.com/photo-1560472355-536de3962603?w=400&h=300&fit=crop", "https://images.unsplash.com/photo-1560066984-138dadb4c035?w=400&h=300&fit=crop", "https://images.unsplash.com/photo-1560185009-5bf9f2849488?w=400&h=300&fit=crop"]}]}, {"id": "hotel_007", "name": "Boutique Design Hotel", "location": "Arts & Entertainment District", "city": "Creative Quarter", "rating": 4.5, "image": "https://images.unsplash.com/photo-1578662996442-48f60103fc96?w=400&h=300&fit=crop", "description": "Trendy boutique hotel with unique design and artistic flair in the creative district", "amenities": ["Art Gallery", "Rooftop Bar", "Design Studios", "Live Music", "Artisan Restaurant", "Craft Cocktails"], "room_types": [{"id": "bou_001", "name": "Artist Room", "price": 4200, "size": "28 sqm", "capacity": "2 adults", "bed": "Queen bed", "amenities": ["Local art", "Free WiFi", "Creative workspace", "Minibar", "City view"], "description": "Inspiring room showcasing local artistic talent", "images": ["https://images.unsplash.com/photo-1571896349842-33c89424de2d?w=400&h=300&fit=crop", "https://images.unsplash.com/photo-1560185008-b033106af2fb?w=400&h=300&fit=crop", "https://images.unsplash.com/photo-1560472354-b33ff0c44a43?w=400&h=300&fit=crop"]}, {"id": "bou_002", "name": "Designer Suite", "price": 6800, "size": "50 sqm", "capacity": "2 adults + 1 child", "bed": "King bed", "amenities": ["Unique design", "Living area", "Art installations", "Rooftop access", "Minibar"], "description": "Artistically designed suite with unique furnishings", "images": ["https://images.unsplash.com/photo-1560066984-138dadb4c035?w=400&h=300&fit=crop", "https://images.unsplash.com/photo-1560472355-536de3962603?w=400&h=300&fit=crop", "https://images.unsplash.com/photo-1560185009-5bf9f2849488?w=400&h=300&fit=crop"]}, {"id": "bou_003", "name": "Creative Penthouse", "price": 12000, "size": "85 sqm", "capacity": "4 adults", "bed": "2 Queen beds", "amenities": ["360° city views", "Private terrace", "Art studio", "Full kitchen", "Rooftop garden"], "description": "Ultimate creative space with panoramic views and studio", "images": ["https://images.unsplash.com/photo-1560472354-b33ff0c44a43?w=400&h=300&fit=crop", "https://images.unsplash.com/photo-1560066984-138dadb4c035?w=400&h=300&fit=crop", "https://images.unsplash.com/photo-1560185009-5bf9f2849488?w=400&h=300&fit=crop"]}]}, {"id": "hotel_008", "name": "Family Resort & Water Park", "location": "Family Entertainment Zone", "city": "Fun City", "rating": 4.3, "image": "https://images.unsplash.com/photo-1551882547-ff40c63fe5fa?w=400&h=300&fit=crop", "description": "Fun-filled family resort with water park and activities for all ages", "amenities": ["Water Park", "Kids Zone", "Family Activities", "Multiple Pools", "Family Restaurants", "Entertainment"], "room_types": [{"id": "fam_001", "name": "Family Room", "price": 4800, "size": "35 sqm", "capacity": "2 adults + 2 children", "bed": "King bed + Bunk beds", "amenities": ["Kids area", "Free WiFi", "Mini fridge", "TV with kids channels"], "description": "Family-friendly room with bunk beds for children", "images": ["https://images.unsplash.com/photo-1631049307264-da0ec9d70304?w=400&h=300&fit=crop", "https://images.unsplash.com/photo-1590490360182-c33d57733427?w=400&h=300&fit=crop", "https://images.unsplash.com/photo-1582719478250-c89cae4dc85b?w=400&h=300&fit=crop"]}, {"id": "fam_002", "name": "Water Park Suite", "price": 7500, "size": "60 sqm", "capacity": "2 adults + 3 children", "bed": "King bed + Bunk beds + Sofa", "amenities": ["Water park access", "Separate kids area", "Kitchenette", "Multiple TVs"], "description": "Large suite with direct water park access", "images": ["https://images.unsplash.com/photo-1560185008-b033106af2fb?w=400&h=300&fit=crop", "https://images.unsplash.com/photo-1560185009-5bf9f2849488?w=400&h=300&fit=crop", "https://images.unsplash.com/photo-1560472354-b33ff0c44a43?w=400&h=300&fit=crop"]}, {"id": "fam_003", "name": "Family Villa", "price": 12000, "size": "90 sqm", "capacity": "6 adults + 4 children", "bed": "3 King beds + Bunk beds", "amenities": ["Private pool", "Game room", "Full kitchen", "Multiple bedrooms", "Water park VIP"], "description": "Spacious villa with private pool and VIP water park access", "images": ["https://images.unsplash.com/photo-1560472355-536de3962603?w=400&h=300&fit=crop", "https://images.unsplash.com/photo-1560066984-138dadb4c035?w=400&h=300&fit=crop", "https://images.unsplash.com/photo-1560185009-5bf9f2849488?w=400&h=300&fit=crop"]}]}]