[
    {
        "id": "059a1d15-b19e-400b-a49a-93c6316da838",
        "name": "Manupriya.kv",
        "email": "manupriya958@gmail.com",
        "password": "scrypt:32768:8:1$VzGkKiLUPrh6i2HM$d24a9c4b91a81b6a1218f928abb19c46a8019dbc475388432a4b023fbdc243ca76634d9141b5ee7397efdd3b7e64c976713383a992ec9ea75531643f644a251d",
        "is_admin": true
    },
    {
        "id": "24f32486-c24b-423c-af21-5856ed8ca1ab",
        "name": "Test User",
        "email": "testuser+bot@example.com",
        "password": "scrypt:32768:8:1$ARwNCCtoderVNUTD$895966b972c5588fa7c006b0d7cdd77361755fe6e8219f1adbfe28d8a3d61a2f274d52bac693674df8978c31f071a54cd730a104daf88ae57aef90d36506797e",
        "is_admin": false
    }
]